<?xml version="1.0" encoding="UTF-8"?>
<GenRun Id="impl_1" LaunchPart="xc7a100tcsg324-1" LaunchTime="1699678597">
  <File Type="ROUTE-PWR" Name="RISC_power_routed.rpt"/>
  <File Type="PA-TCL" Name="RISC.tcl"/>
  <File Type="ROUTE-PWR-SUM" Name="RISC_power_summary_routed.pb"/>
  <File Type="REPORTS-TCL" Name="RISC_reports.tcl"/>
  <File Type="OPT-RQA-PB" Name="RISC_rqa_opted.pb"/>
  <File Type="BITSTR-MMI" Name="RISC.mmi"/>
  <File Type="OPT-METHODOLOGY-DRC" Name="RISC_methodology_drc_opted.rpt"/>
  <File Type="INIT-TIMING" Name="RISC_timing_summary_init.rpt"/>
  <File Type="OPT-TIMING" Name="RISC_timing_summary_opted.rpt"/>
  <File Type="OPT-DCP" Name="RISC_opt.dcp"/>
  <File Type="OPT-DRC" Name="RISC_drc_opted.rpt"/>
  <File Type="OPT-HWDEF" Name="RISC.hwdef"/>
  <File Type="PWROPT-DCP" Name="RISC_pwropt.dcp"/>
  <File Type="PWROPT-DRC" Name="RISC_drc_pwropted.rpt"/>
  <File Type="PWROPT-TIMING" Name="RISC_timing_summary_pwropted.rpt"/>
  <File Type="PLACE-DCP" Name="RISC_placed.dcp"/>
  <File Type="PLACE-IO" Name="RISC_io_placed.rpt"/>
  <File Type="PLACE-CLK" Name="RISC_clock_utilization_placed.rpt"/>
  <File Type="PLACE-UTIL" Name="RISC_utilization_placed.rpt"/>
  <File Type="PLACE-UTIL-PB" Name="RISC_utilization_placed.pb"/>
  <File Type="PLACE-CTRL" Name="RISC_control_sets_placed.rpt"/>
  <File Type="PLACE-SIMILARITY" Name="RISC_incremental_reuse_placed.rpt"/>
  <File Type="PLACE-PRE-SIMILARITY" Name="RISC_incremental_reuse_pre_placed.rpt"/>
  <File Type="BG-BIN" Name="RISC.bin"/>
  <File Type="PLACE-TIMING" Name="RISC_timing_summary_placed.rpt"/>
  <File Type="ROUTE-PWR-RPX" Name="RISC_power_routed.rpx"/>
  <File Type="PLACE-RQA-PB" Name="RISC_rqa_placed.pb"/>
  <File Type="POSTPLACE-PWROPT-DCP" Name="RISC_postplace_pwropt.dcp"/>
  <File Type="BITSTR-MSK" Name="RISC.msk"/>
  <File Type="POSTPLACE-PWROPT-TIMING" Name="RISC_timing_summary_postplace_pwropted.rpt"/>
  <File Type="PHYSOPT-DCP" Name="RISC_physopt.dcp"/>
  <File Type="PHYSOPT-DRC" Name="RISC_drc_physopted.rpt"/>
  <File Type="BITSTR-RBT" Name="RISC.rbt"/>
  <File Type="PHYSOPT-TIMING" Name="RISC_timing_summary_physopted.rpt"/>
  <File Type="ROUTE-ERROR-DCP" Name="RISC_routed_error.dcp"/>
  <File Type="ROUTE-DCP" Name="RISC_routed.dcp"/>
  <File Type="ROUTE-BLACKBOX-DCP" Name="RISC_routed_bb.dcp"/>
  <File Type="ROUTE-DRC" Name="RISC_drc_routed.rpt"/>
  <File Type="ROUTE-DRC-PB" Name="RISC_drc_routed.pb"/>
  <File Type="ROUTE-DRC-RPX" Name="RISC_drc_routed.rpx"/>
  <File Type="ROUTE-METHODOLOGY-DRC" Name="RISC_methodology_drc_routed.rpt"/>
  <File Type="ROUTE-METHODOLOGY-DRC-RPX" Name="RISC_methodology_drc_routed.rpx"/>
  <File Type="ROUTE-METHODOLOGY-DRC-PB" Name="RISC_methodology_drc_routed.pb"/>
  <File Type="ROUTE-RQS-PB" Name="RISC_rqs_routed.pb"/>
  <File Type="ROUTE-STATUS" Name="RISC_route_status.rpt"/>
  <File Type="ROUTE-STATUS-PB" Name="RISC_route_status.pb"/>
  <File Type="ROUTE-TIMINGSUMMARY" Name="RISC_timing_summary_routed.rpt"/>
  <File Type="ROUTE-TIMING-PB" Name="RISC_timing_summary_routed.pb"/>
  <File Type="ROUTE-TIMING-RPX" Name="RISC_timing_summary_routed.rpx"/>
  <File Type="ROUTE-SIMILARITY" Name="RISC_incremental_reuse_routed.rpt"/>
  <File Type="ROUTE-CLK" Name="RISC_clock_utilization_routed.rpt"/>
  <File Type="ROUTE-BUS-SKEW" Name="RISC_bus_skew_routed.rpt"/>
  <File Type="ROUTE-BUS-SKEW-PB" Name="RISC_bus_skew_routed.pb"/>
  <File Type="ROUTE-BUS-SKEW-RPX" Name="RISC_bus_skew_routed.rpx"/>
  <File Type="POSTROUTE-PHYSOPT-DCP" Name="RISC_postroute_physopt.dcp"/>
  <File Type="POSTROUTE-PHYSOPT-BLACKBOX-DCP" Name="RISC_postroute_physopt_bb.dcp"/>
  <File Type="POSTROUTE-PHYSOPT-TIMING" Name="RISC_timing_summary_postroute_physopted.rpt"/>
  <File Type="POSTROUTE-PHYSOPT-TIMING-PB" Name="RISC_timing_summary_postroute_physopted.pb"/>
  <File Type="POSTROUTE-PHYSOPT-TIMING-RPX" Name="RISC_timing_summary_postroute_physopted.rpx"/>
  <File Type="POSTROUTE-PHYSOPT-BUS-SKEW" Name="RISC_bus_skew_postroute_physopted.rpt"/>
  <File Type="BG-BIT" Name="RISC.bit"/>
  <File Type="POSTROUTE-PHYSOPT-BUS-SKEW-PB" Name="RISC_bus_skew_postroute_physopted.pb"/>
  <File Type="POSTROUTE-PHYSOPT-BUS-SKEW-RPX" Name="RISC_bus_skew_postroute_physopted.rpx"/>
  <File Type="BITSTR-NKY" Name="RISC.nky"/>
  <File Type="BITSTR-BMM" Name="RISC_bd.bmm"/>
  <File Type="PDI-FILE" Name="RISC.pdi"/>
  <File Type="BOOT-PDI-FILE" Name="RISC_boot.pdi"/>
  <File Type="PL-PDI-FILE" Name="RISC_pld.pdi"/>
  <File Type="RCFI_FILE" Name="RISC.rcfi"/>
  <File Type="CFI_FILE" Name="RISC.cfi"/>
  <File Type="RNPI_FILE" Name="RISC.rnpi"/>
  <File Type="NPI_FILE" Name="RISC.npi"/>
  <File Type="RBD_FILE" Name="RISC.rbd"/>
  <File Type="BITSTR-LTX" Name="debug_nets.ltx"/>
  <File Type="BITSTR-LTX" Name="RISC.ltx"/>
  <File Type="BITSTR-SYSDEF" Name="RISC.sysdef"/>
  <File Type="BG-BGN" Name="RISC.bgn"/>
  <File Type="BG-DRC" Name="RISC.drc"/>
  <File Type="RDI-RDI" Name="RISC.vdi"/>
  <File Type="WBT-USG" Name="usage_statistics_webtalk.html"/>
  <File Type="ROUTE-RQS" Name="RISC_routed.rqs"/>
  <File Type="POSTROUTE-PHYSOPT-RQS" Name="RISC_postroute_physopted.rqs"/>
  <File Type="ROUTE-RQS-RPT" Name="route_report_qor_suggestions_0.rpt"/>
  <File Type="POSTROUTE-PHYSOPT-RQS-RPT" Name="postroute_physopt_report_qor_suggestions_0.rpt"/>
  <FileSet Name="sources" Type="DesignSrcs" RelSrcDir="$PSRCDIR/sources_1" RelGenDir="$PGENDIR/sources_1">
    <Filter Type="Srcs"/>
    <File Path="$PPRDIR/../Downloads/COA-Lab-main/COA-Lab-main/Part6/Processor/ALU.v">
      <FileInfo>
        <Attr Name="UsedIn" Val="synthesis"/>
        <Attr Name="UsedIn" Val="implementation"/>
        <Attr Name="UsedIn" Val="simulation"/>
      </FileInfo>
    </File>
    <File Path="$PPRDIR/../Downloads/COA-Lab-main/COA-Lab-main/Part6/Processor/ALUController.v">
      <FileInfo>
        <Attr Name="UsedIn" Val="synthesis"/>
        <Attr Name="UsedIn" Val="implementation"/>
        <Attr Name="UsedIn" Val="simulation"/>
      </FileInfo>
    </File>
    <File Path="$PPRDIR/../Downloads/COA-Lab-main/COA-Lab-main/Part6/Processor/Adder.v">
      <FileInfo>
        <Attr Name="UsedIn" Val="synthesis"/>
        <Attr Name="UsedIn" Val="implementation"/>
        <Attr Name="UsedIn" Val="simulation"/>
      </FileInfo>
    </File>
    <File Path="$PPRDIR/../Downloads/COA-Lab-main/COA-Lab-main/Part6/Processor/BranchController.v">
      <FileInfo>
        <Attr Name="UsedIn" Val="synthesis"/>
        <Attr Name="UsedIn" Val="implementation"/>
        <Attr Name="UsedIn" Val="simulation"/>
      </FileInfo>
    </File>
    <File Path="$PPRDIR/../Downloads/COA-Lab-main/COA-Lab-main/Part6/Processor/ControlUnit.v">
      <FileInfo>
        <Attr Name="UsedIn" Val="synthesis"/>
        <Attr Name="UsedIn" Val="implementation"/>
        <Attr Name="UsedIn" Val="simulation"/>
      </FileInfo>
    </File>
    <File Path="$PPRDIR/../Downloads/COA-Lab-main/COA-Lab-main/Part6/Processor/DataMemory.v">
      <FileInfo>
        <Attr Name="UsedIn" Val="synthesis"/>
        <Attr Name="UsedIn" Val="implementation"/>
        <Attr Name="UsedIn" Val="simulation"/>
      </FileInfo>
    </File>
    <File Path="$PPRDIR/../Downloads/COA-Lab-main/COA-Lab-main/Part6/Processor/ProgramCounter.v">
      <FileInfo>
        <Attr Name="UsedIn" Val="synthesis"/>
        <Attr Name="UsedIn" Val="implementation"/>
        <Attr Name="UsedIn" Val="simulation"/>
      </FileInfo>
    </File>
    <File Path="$PPRDIR/../Downloads/COA-Lab-main/COA-Lab-main/Part6/Processor/ZRegister.v">
      <FileInfo>
        <Attr Name="UsedIn" Val="synthesis"/>
        <Attr Name="UsedIn" Val="implementation"/>
        <Attr Name="UsedIn" Val="simulation"/>
      </FileInfo>
    </File>
    <File Path="$PPRDIR/../Downloads/COA-Lab-main/COA-Lab-main/Part6/Processor/InstructionMemory.v">
      <FileInfo>
        <Attr Name="UsedIn" Val="synthesis"/>
        <Attr Name="UsedIn" Val="implementation"/>
        <Attr Name="UsedIn" Val="simulation"/>
      </FileInfo>
    </File>
    <File Path="$PPRDIR/../Downloads/COA-Lab-main/COA-Lab-main/Part6/Processor/Mux_3to1.v">
      <FileInfo>
        <Attr Name="UsedIn" Val="synthesis"/>
        <Attr Name="UsedIn" Val="implementation"/>
        <Attr Name="UsedIn" Val="simulation"/>
      </FileInfo>
    </File>
    <File Path="$PPRDIR/../Downloads/COA-Lab-main/COA-Lab-main/Part6/Processor/InstructionDecoder.v">
      <FileInfo>
        <Attr Name="UsedIn" Val="synthesis"/>
        <Attr Name="UsedIn" Val="implementation"/>
        <Attr Name="UsedIn" Val="simulation"/>
      </FileInfo>
    </File>
    <File Path="$PPRDIR/../Downloads/COA-Lab-main/COA-Lab-main/Part6/Processor/RegBank.v">
      <FileInfo>
        <Attr Name="UsedIn" Val="synthesis"/>
        <Attr Name="UsedIn" Val="implementation"/>
        <Attr Name="UsedIn" Val="simulation"/>
      </FileInfo>
    </File>
    <File Path="$PPRDIR/../Downloads/COA-Lab-main/COA-Lab-main/Part6/Processor/Mux_2to1_32bit.v">
      <FileInfo>
        <Attr Name="UsedIn" Val="synthesis"/>
        <Attr Name="UsedIn" Val="implementation"/>
        <Attr Name="UsedIn" Val="simulation"/>
      </FileInfo>
    </File>
    <File Path="$PPRDIR/../Downloads/COA-Lab-main/COA-Lab-main/Part6/Processor/SignExtend.v">
      <FileInfo>
        <Attr Name="UsedIn" Val="synthesis"/>
        <Attr Name="UsedIn" Val="implementation"/>
        <Attr Name="UsedIn" Val="simulation"/>
      </FileInfo>
    </File>
    <File Path="$PPRDIR/../Downloads/COA-Lab-main/COA-Lab-main/Part6/Processor/Mux_4_vs_in2.v">
      <FileInfo>
        <Attr Name="UsedIn" Val="synthesis"/>
        <Attr Name="UsedIn" Val="implementation"/>
        <Attr Name="UsedIn" Val="simulation"/>
      </FileInfo>
    </File>
    <File Path="$PPRDIR/../Downloads/COA-Lab-main/COA-Lab-main/Part6/Processor/Mux_subtract4_vs_add4.v">
      <FileInfo>
        <Attr Name="UsedIn" Val="synthesis"/>
        <Attr Name="UsedIn" Val="implementation"/>
        <Attr Name="UsedIn" Val="simulation"/>
      </FileInfo>
    </File>
    <File Path="$PPRDIR/../Downloads/COA-Lab-main/COA-Lab-main/Part6/Processor/Datapath.v">
      <FileInfo>
        <Attr Name="UsedIn" Val="synthesis"/>
        <Attr Name="UsedIn" Val="implementation"/>
        <Attr Name="UsedIn" Val="simulation"/>
      </FileInfo>
    </File>
    <File Path="$PPRDIR/../Downloads/COA-Lab-main/COA-Lab-main/Part6/Processor/RISC.v">
      <FileInfo>
        <Attr Name="UsedIn" Val="synthesis"/>
        <Attr Name="UsedIn" Val="implementation"/>
        <Attr Name="UsedIn" Val="simulation"/>
      </FileInfo>
    </File>
    <File Path="$PPRDIR/../Downloads/COA-Lab-main/COA-Lab-main/Part6/Processor/instruction_mem.mem">
      <FileInfo>
        <Attr Name="UsedIn" Val="synthesis"/>
        <Attr Name="UsedIn" Val="simulation"/>
      </FileInfo>
    </File>
    <File Path="$PPRDIR/../Downloads/COA-Lab-main/COA-Lab-main/Part6/Processor/data_mem.mem">
      <FileInfo>
        <Attr Name="UsedIn" Val="synthesis"/>
        <Attr Name="UsedIn" Val="simulation"/>
      </FileInfo>
    </File>
    <Config>
      <Option Name="DesignMode" Val="RTL"/>
      <Option Name="TopModule" Val="RISC"/>
    </Config>
  </FileSet>
  <FileSet Name="constrs_in" Type="Constrs" RelSrcDir="$PSRCDIR/constrs_1" RelGenDir="$PGENDIR/constrs_1">
    <Filter Type="Constrs"/>
    <File Path="$PSRCDIR/constrs_1/imports/Processor/constraints.xdc">
      <FileInfo>
        <Attr Name="ImportPath" Val="$PPRDIR/../Downloads/COA-Lab-main/COA-Lab-main/Part6/Processor/constraints.xdc"/>
        <Attr Name="ImportTime" Val="1699663542"/>
        <Attr Name="UsedIn" Val="synthesis"/>
        <Attr Name="UsedIn" Val="implementation"/>
      </FileInfo>
    </File>
    <Config>
      <Option Name="ConstrsType" Val="XDC"/>
    </Config>
  </FileSet>
  <FileSet Name="utils" Type="Utils" RelSrcDir="$PSRCDIR/utils_1" RelGenDir="$PGENDIR/utils_1">
    <Filter Type="Utils"/>
    <File Path="$PSRCDIR/utils_1/imports/synth_1/RISC.dcp">
      <FileInfo>
        <Attr Name="UsedIn" Val="synthesis"/>
        <Attr Name="UsedIn" Val="implementation"/>
        <Attr Name="UsedInSteps" Val="synth_1"/>
        <Attr Name="AutoDcp" Val="1"/>
      </FileInfo>
    </File>
    <Config>
      <Option Name="TopAutoSet" Val="TRUE"/>
    </Config>
  </FileSet>
  <Strategy Version="1" Minor="2">
    <StratHandle Name="Vivado Implementation Defaults" Flow="Vivado Implementation 2023">
      <Desc>Default settings for Implementation.</Desc>
    </StratHandle>
    <Step Id="init_design"/>
    <Step Id="opt_design"/>
    <Step Id="power_opt_design"/>
    <Step Id="place_design"/>
    <Step Id="post_place_power_opt_design"/>
    <Step Id="phys_opt_design"/>
    <Step Id="route_design"/>
    <Step Id="post_route_phys_opt_design"/>
    <Step Id="write_bitstream"/>
  </Strategy>
  <BlockFileSet Type="BlockSrcs" Name="clk_wiz_0"/>
</GenRun>
